episode,cum_reward,agent_0,agent_1,agent_2,agent_3,agent_4,agent_5
10,-57043.95815585558,-9507.326359309263,-9507.326359309263,-9507.326359309263,-9507.326359309263,-9507.326359309263,-9507.326359309263
