episode,cum_reward,agent_0,agent_1,agent_2
1000,-146.94189539362222,-48.987298464540736,-48.95229846454074,-49.002298464540736
2000,-153.0208824048929,-51.035294134964296,-51.035294134964296,-50.950294134964295
