episode,cum_reward,agent_0,agent_1,agent_2,agent_3,agent_4,agent_5
10,-52779.25542104018,-8796.542570173364,-8796.542570173364,-8796.542570173364,-8796.542570173364,-8796.542570173364,-8796.542570173364
