episode,cum_reward,agent_0,agent_1,agent_2,agent_3,agent_4,agent_5
10,-48720.629010855686,-8120.104835142614,-8120.104835142614,-8120.104835142614,-8120.104835142614,-8120.104835142614,-8120.104835142614
20,-57396.49883460765,-9566.083139101274,-9566.083139101274,-9566.083139101274,-9566.083139101274,-9566.083139101274,-9566.083139101274
30,-47135.72722751547,-7855.954537919246,-7855.954537919246,-7855.954537919246,-7855.954537919246,-7855.954537919246,-7855.954537919246
40,-47747.68461861157,-7957.947436435262,-7957.947436435262,-7957.947436435262,-7957.947436435262,-7957.947436435262,-7957.947436435262
