episode,cum_reward,agent_0,agent_1,agent_2,agent_3,agent_4,agent_5
10,-26478.44207657652,-4413.07367942942,-4413.07367942942,-4413.07367942942,-4413.07367942942,-4413.07367942942,-4413.07367942942
20,-25718.15939965403,-4286.359899942338,-4286.359899942338,-4286.359899942338,-4286.359899942338,-4286.359899942338,-4286.359899942338
30,-19150.211900589282,-3191.701983431547,-3191.701983431547,-3191.701983431547,-3191.701983431547,-3191.701983431547,-3191.701983431547
40,-28270.790179777912,-4711.798363296319,-4711.798363296319,-4711.798363296319,-4711.798363296319,-4711.798363296319,-4711.798363296319
