episode,cum_reward,agent_0,agent_1,agent_2,agent_3,agent_4,agent_5
10,-149959.0486360351,-24993.174772672515,-24993.174772672515,-24993.174772672515,-24993.174772672515,-24993.174772672515,-24993.174772672515
20,-154022.08243099696,-25670.347071832824,-25670.347071832824,-25670.347071832824,-25670.347071832824,-25670.347071832824,-25670.347071832824
30,-146079.04422231924,-24346.50737038654,-24346.50737038654,-24346.50737038654,-24346.50737038654,-24346.50737038654,-24346.50737038654
