episode,cum_reward,agent_0,agent_1,agent_2,agent_3,agent_4,agent_5
10,-88443.8870436842,-14740.647840614032,-14740.647840614032,-14740.647840614032,-14740.647840614032,-14740.647840614032,-14740.647840614032
20,-84015.4753042726,-14002.579217378767,-14002.579217378767,-14002.579217378767,-14002.579217378767,-14002.579217378767,-14002.579217378767
30,-103476.30445320623,-17246.050742201038,-17246.050742201038,-17246.050742201038,-17246.050742201038,-17246.050742201038,-17246.050742201038
40,-99050.12165974457,-16508.35360995743,-16508.35360995743,-16508.35360995743,-16508.35360995743,-16508.35360995743,-16508.35360995743
