episode,cum_reward,agent_0,agent_1,agent_2,agent_3,agent_4,agent_5
10,-37686.484079321126,-6281.080679886854,-6281.080679886854,-6281.080679886854,-6281.080679886854,-6281.080679886854,-6281.080679886854
