episode,cum_reward,agent_0,agent_1,agent_2,agent_3,agent_4,agent_5
10,-110811.2643440334,-18468.5440573389,-18468.5440573389,-18468.5440573389,-18468.5440573389,-18468.5440573389,-18468.5440573389
