episode,cum_reward,agent_0,agent_1,agent_2,agent_3,agent_4,agent_5
1000,-4135.800173251425,-689.3000288752374,-689.3000288752374,-689.3000288752374,-689.3000288752374,-689.3000288752374,-689.3000288752374
