episode,cum_reward,agent_0,agent_1,agent_2,agent_3,agent_4,agent_5
10,-41433.07145319771,-6905.511908866284,-6905.511908866284,-6905.511908866284,-6905.511908866284,-6905.511908866284,-6905.511908866284
20,-32640.515564671256,-5440.08592744521,-5440.08592744521,-5440.08592744521,-5440.08592744521,-5440.08592744521,-5440.08592744521
