episode,cum_reward,agent_0,agent_1,agent_2,agent_3,agent_4,agent_5
10,-58442.92852200755,-9740.488087001258,-9740.488087001258,-9740.488087001258,-9740.488087001258,-9740.488087001258,-9740.488087001258
20,-58403.82838243749,-9733.971397072915,-9733.971397072915,-9733.971397072915,-9733.971397072915,-9733.971397072915,-9733.971397072915
