episode,cum_reward,agent_0,agent_1,agent_2,agent_3,agent_4,agent_5
10,-19509.73373547728,-3251.622289246213,-3251.622289246213,-3251.622289246213,-3251.622289246213,-3251.622289246213,-3251.622289246213
20,-19545.68616982341,-3257.614361637235,-3257.614361637235,-3257.614361637235,-3257.614361637235,-3257.614361637235,-3257.614361637235
