episode,cum_reward,agent_0,agent_1,agent_2,agent_3,agent_4,agent_5
10,-30282.527134387605,-5047.087855731267,-5047.087855731267,-5047.087855731267,-5047.087855731267,-5047.087855731267,-5047.087855731267
