episode,cum_reward,agent_0,agent_1,agent_2,agent_3,agent_4,agent_5
10,-69119.62319273718,-11519.93719878953,-11519.93719878953,-11519.93719878953,-11519.93719878953,-11519.93719878953,-11519.93719878953
