episode,cum_reward,agent_0,agent_1,agent_2,agent_3,agent_4,agent_5
10,-10304.90701289708,-1717.4845021495132,-1717.4845021495132,-1717.4845021495132,-1717.4845021495132,-1717.4845021495132,-1717.4845021495132
