episode,cum_reward,agent_0,agent_1,agent_2,agent_3,agent_4,agent_5
10,-20094.96569586658,-3349.160949311097,-3349.160949311097,-3349.160949311097,-3349.160949311097,-3349.160949311097,-3349.160949311097
