episode,cum_reward,agent_0,agent_1,agent_2,agent_3,agent_4,agent_5
10,-17681.002068228943,-2946.833678038157,-2946.833678038157,-2946.833678038157,-2946.833678038157,-2946.833678038157,-2946.833678038157
20,-6551.22801482623,-1091.8713358043717,-1091.8713358043717,-1091.8713358043717,-1091.8713358043717,-1091.8713358043717,-1091.8713358043717
30,-8340.714392726344,-1390.1190654543907,-1390.1190654543907,-1390.1190654543907,-1390.1190654543907,-1390.1190654543907,-1390.1190654543907
40,-6177.6086018868655,-1029.6014336478108,-1029.6014336478108,-1029.6014336478108,-1029.6014336478108,-1029.6014336478108,-1029.6014336478108
50,-6528.964561961881,-1088.1607603269802,-1088.1607603269802,-1088.1607603269802,-1088.1607603269802,-1088.1607603269802,-1088.1607603269802
60,-8592.415549588279,-1432.0692582647132,-1432.0692582647132,-1432.0692582647132,-1432.0692582647132,-1432.0692582647132,-1432.0692582647132
70,-11478.287009946596,-1913.0478349910993,-1913.0478349910993,-1913.0478349910993,-1913.0478349910993,-1913.0478349910993,-1913.0478349910993
