episode,cum_reward,agent_0,agent_1,agent_2,agent_3,agent_4,agent_5
10,-15068.916575478832,-2511.486095913139,-2511.486095913139,-2511.486095913139,-2511.486095913139,-2511.486095913139,-2511.486095913139
