episode,cum_reward,agent_0,agent_1,agent_2,agent_3,agent_4,agent_5
10,-108020.71652572406,-18003.452754287344,-18003.452754287344,-18003.452754287344,-18003.452754287344,-18003.452754287344,-18003.452754287344
20,-107295.31433645774,-17882.552389409622,-17882.552389409622,-17882.552389409622,-17882.552389409622,-17882.552389409622,-17882.552389409622
30,-86338.19321760186,-14389.69886960031,-14389.69886960031,-14389.69886960031,-14389.69886960031,-14389.69886960031,-14389.69886960031
40,-93963.12505763173,-15660.520842938618,-15660.520842938618,-15660.520842938618,-15660.520842938618,-15660.520842938618,-15660.520842938618
