episode,cum_reward,agent_0,agent_1,agent_2
1000,-242.17406956397818,-80.67302318799273,-80.72302318799272,-80.77802318799272
