episode,cum_reward,agent_0,agent_1,agent_2
1000,-179.88132957944381,-59.970776526481266,-59.94877652648127,-59.96177652648127
