episode,cum_reward,agent_0,agent_1,agent_2,agent_3,agent_4,agent_5
10,-21606.952234039425,-3601.1587056732374,-3601.1587056732374,-3601.1587056732374,-3601.1587056732374,-3601.1587056732374,-3601.1587056732374
20,-31693.863773004818,-5282.310628834136,-5282.310628834136,-5282.310628834136,-5282.310628834136,-5282.310628834136,-5282.310628834136
