episode,cum_reward,agent_0,agent_1,agent_2,agent_3,agent_4,agent_5
10,-28395.1881365804,-4732.531356096733,-4732.531356096733,-4732.531356096733,-4732.531356096733,-4732.531356096733,-4732.531356096733
