episode,cum_reward,agent_0,agent_1,agent_2,agent_3,agent_4,agent_5
10,-39267.14449088539,-6544.524081814231,-6544.524081814231,-6544.524081814231,-6544.524081814231,-6544.524081814231,-6544.524081814231
