episode,cum_reward,agent_0,agent_1,agent_2,agent_3,agent_4,agent_5
10,-9006.096020588087,-1501.0160034313478,-1501.0160034313478,-1501.0160034313478,-1501.0160034313478,-1501.0160034313478,-1501.0160034313478
