episode,cum_reward,agent_0,agent_1,agent_2,agent_3,agent_4,agent_5
10,-32107.000977445623,-5351.16682957427,-5351.16682957427,-5351.16682957427,-5351.16682957427,-5351.16682957427,-5351.16682957427
