episode,cum_reward,agent_0,agent_1,agent_2,agent_3,agent_4,agent_5
10,-114254.01048781424,-19042.335081302375,-19042.335081302375,-19042.335081302375,-19042.335081302375,-19042.335081302375,-19042.335081302375
