episode,cum_reward,agent_0,agent_1,agent_2,agent_3,agent_4,agent_5
10,-23302.62817380063,-3883.771362300105,-3883.771362300105,-3883.771362300105,-3883.771362300105,-3883.771362300105,-3883.771362300105
