episode,cum_reward,agent_0,agent_1,agent_2,agent_3,agent_4,agent_5
10,-31063.047135147568,-5177.174522524595,-5177.174522524595,-5177.174522524595,-5177.174522524595,-5177.174522524595,-5177.174522524595
20,-70115.5756295741,-11685.929271595684,-11685.929271595684,-11685.929271595684,-11685.929271595684,-11685.929271595684,-11685.929271595684
30,-30127.77616492917,-5021.296027488195,-5021.296027488195,-5021.296027488195,-5021.296027488195,-5021.296027488195,-5021.296027488195
