episode,cum_reward,agent_0,agent_1,agent_2,agent_3,agent_4,agent_5
10,-36424.25164158734,-6070.708606931224,-6070.708606931224,-6070.708606931224,-6070.708606931224,-6070.708606931224,-6070.708606931224
