episode,cum_reward,agent_0,agent_1,agent_2,agent_3,agent_4,agent_5
10,-31672.97446890303,-5278.829078150505,-5278.829078150505,-5278.829078150505,-5278.829078150505,-5278.829078150505,-5278.829078150505
