episode,cum_reward,agent_0,agent_1,agent_2,agent_3,agent_4,agent_5
10,-66525.32256359201,-11087.553760598668,-11087.553760598668,-11087.553760598668,-11087.553760598668,-11087.553760598668,-11087.553760598668
