episode,cum_reward,agent_0,agent_1,agent_2,agent_3,agent_4,agent_5
10,-70220.19072786397,-11703.36512131066,-11703.36512131066,-11703.36512131066,-11703.36512131066,-11703.36512131066,-11703.36512131066
20,-48638.34367017264,-8106.39061169544,-8106.39061169544,-8106.39061169544,-8106.39061169544,-8106.39061169544,-8106.39061169544
30,-46075.52595336647,-7679.254325561079,-7679.254325561079,-7679.254325561079,-7679.254325561079,-7679.254325561079,-7679.254325561079
