episode,cum_reward,agent_0,agent_1,agent_2,agent_3,agent_4,agent_5
1000,-10824.97050534038,-1804.161750890063,-1804.161750890063,-1804.161750890063,-1804.161750890063,-1804.161750890063,-1804.161750890063
2000,-10886.147220279618,-1814.3578700466032,-1814.3578700466032,-1814.3578700466032,-1814.3578700466032,-1814.3578700466032,-1814.3578700466032
