episode,cum_reward,agent_0,agent_1,agent_2,agent_3,agent_4,agent_5
10,-40782.90704208919,-6797.151173681532,-6797.151173681532,-6797.151173681532,-6797.151173681532,-6797.151173681532,-6797.151173681532
20,-30710.67634772363,-5118.446057953939,-5118.446057953939,-5118.446057953939,-5118.446057953939,-5118.446057953939,-5118.446057953939
