episode,cum_reward,agent_0,agent_1,agent_2,agent_3,agent_4,agent_5
10,-91303.40276509817,-15217.233794183026,-15217.233794183026,-15217.233794183026,-15217.233794183026,-15217.233794183026,-15217.233794183026
