episode,cum_reward,agent_0,agent_1,agent_2,agent_3,agent_4,agent_5
10,-20736.761410308663,-3456.1269017181107,-3456.1269017181107,-3456.1269017181107,-3456.1269017181107,-3456.1269017181107,-3456.1269017181107
