episode,cum_reward,agent_0,agent_1,agent_2,agent_3,agent_4,agent_5
10,-9962.837326406308,-1660.4728877343848,-1660.4728877343848,-1660.4728877343848,-1660.4728877343848,-1660.4728877343848,-1660.4728877343848
20,-9461.993737033936,-1576.9989561723226,-1576.9989561723226,-1576.9989561723226,-1576.9989561723226,-1576.9989561723226,-1576.9989561723226
