episode,cum_reward,agent_0,agent_1,agent_2,agent_3,agent_4,agent_5
10,-12240.373183040827,-2040.0621971734713,-2040.0621971734713,-2040.0621971734713,-2040.0621971734713,-2040.0621971734713,-2040.0621971734713
