episode,cum_reward,agent_0,agent_1,agent_2,agent_3,agent_4,agent_5
10,-51716.02209804678,-8619.33701634113,-8619.33701634113,-8619.33701634113,-8619.33701634113,-8619.33701634113,-8619.33701634113
20,-57653.42503376108,-9608.904172293513,-9608.904172293513,-9608.904172293513,-9608.904172293513,-9608.904172293513,-9608.904172293513
30,-55176.406080578396,-9196.0676800964,-9196.0676800964,-9196.0676800964,-9196.0676800964,-9196.0676800964,-9196.0676800964
40,-51274.45831736479,-8545.743052894131,-8545.743052894131,-8545.743052894131,-8545.743052894131,-8545.743052894131,-8545.743052894131
