episode,cum_reward,agent_0,agent_1,agent_2,agent_3,agent_4,agent_5
10,-61987.75556372963,-10331.292593954939,-10331.292593954939,-10331.292593954939,-10331.292593954939,-10331.292593954939,-10331.292593954939
