episode,cum_reward,agent_0,agent_1,agent_2,agent_3,agent_4,agent_5
10,-29700.09937494742,-4950.016562491236,-4950.016562491236,-4950.016562491236,-4950.016562491236,-4950.016562491236,-4950.016562491236
20,-77259.20236713687,-12876.533727856144,-12876.533727856144,-12876.533727856144,-12876.533727856144,-12876.533727856144,-12876.533727856144
