episode,cum_reward,agent_0,agent_1,agent_2,agent_3,agent_4,agent_5
10,-12682.768901096599,-2113.794816849433,-2113.794816849433,-2113.794816849433,-2113.794816849433,-2113.794816849433,-2113.794816849433
20,-12534.848923717847,-2089.141487286308,-2089.141487286308,-2089.141487286308,-2089.141487286308,-2089.141487286308,-2089.141487286308
