episode,cum_reward,agent_0,agent_1,agent_2,agent_3,agent_4,agent_5
10,-9900.370403796322,-1650.061733966054,-1650.061733966054,-1650.061733966054,-1650.061733966054,-1650.061733966054,-1650.061733966054
