episode,cum_reward,agent_0,agent_1,agent_2,agent_3,agent_4,agent_5
10,-84899.63454991755,-14149.939091652926,-14149.939091652926,-14149.939091652926,-14149.939091652926,-14149.939091652926,-14149.939091652926
20,-79802.77934205315,-13300.463223675524,-13300.463223675524,-13300.463223675524,-13300.463223675524,-13300.463223675524,-13300.463223675524
