episode,cum_reward,agent_0,agent_1,agent_2,agent_3,agent_4,agent_5
10,-74273.42355368055,-12378.903925613426,-12378.903925613426,-12378.903925613426,-12378.903925613426,-12378.903925613426,-12378.903925613426
20,-59685.98778593922,-9947.66463098987,-9947.66463098987,-9947.66463098987,-9947.66463098987,-9947.66463098987,-9947.66463098987
30,-55607.25210057634,-9267.875350096056,-9267.875350096056,-9267.875350096056,-9267.875350096056,-9267.875350096056,-9267.875350096056
40,-72332.40854137202,-12055.401423562003,-12055.401423562003,-12055.401423562003,-12055.401423562003,-12055.401423562003,-12055.401423562003
