episode,cum_reward,agent_0,agent_1,agent_2,agent_3,agent_4,agent_5
10,-35312.23964965951,-5885.373274943251,-5885.373274943251,-5885.373274943251,-5885.373274943251,-5885.373274943251,-5885.373274943251
20,-33742.985821361865,-5623.830970226977,-5623.830970226977,-5623.830970226977,-5623.830970226977,-5623.830970226977,-5623.830970226977
30,-22918.633463374692,-3819.772243895782,-3819.772243895782,-3819.772243895782,-3819.772243895782,-3819.772243895782,-3819.772243895782
40,-12748.579587109964,-2124.763264518327,-2124.763264518327,-2124.763264518327,-2124.763264518327,-2124.763264518327,-2124.763264518327
