episode,cum_reward,agent_0,agent_1,agent_2,agent_3,agent_4,agent_5
10,-21190.174205346633,-3531.6957008911054,-3531.6957008911054,-3531.6957008911054,-3531.6957008911054,-3531.6957008911054,-3531.6957008911054
20,-20278.667437056174,-3379.777906176029,-3379.777906176029,-3379.777906176029,-3379.777906176029,-3379.777906176029,-3379.777906176029
30,-20470.46797302039,-3411.744662170065,-3411.744662170065,-3411.744662170065,-3411.744662170065,-3411.744662170065,-3411.744662170065
