episode,cum_reward,agent_0,agent_1,agent_2,agent_3,agent_4,agent_5
1000,-3111.3924208677627,-518.5654034779604,-518.5654034779604,-518.5654034779604,-518.5654034779604,-518.5654034779604,-518.5654034779604
