episode,cum_reward,agent_0,agent_1,agent_2
1000,-172.24986266167352,-57.40328755389117,-57.383287553891165,-57.46328755389117
2000,-166.00883850726274,-55.38294616908758,-55.29294616908758,-55.332946169087585
3000,-161.76633758448122,-53.960445861493746,-53.87044586149374,-53.93544586149375
4000,-183.92921291667238,-61.28973763889079,-61.29973763889079,-61.339737638890796
