episode,cum_reward,agent_0,agent_1,agent_2,agent_3,agent_4,agent_5
10,-20374.23141098732,-3395.705235164553,-3395.705235164553,-3395.705235164553,-3395.705235164553,-3395.705235164553,-3395.705235164553
