episode,cum_reward,agent_0,agent_1,agent_2
1000,-127.67148006884437,-42.79716002294813,-42.25716002294813,-42.61716002294813
2000,-125.96636593811073,-42.43545531270357,-42.02545531270358,-41.50545531270358
