episode,cum_reward,agent_0,agent_1,agent_2,agent_3,agent_4,agent_5
1000,-2152.566843898035,-358.76114064967254,-358.76114064967254,-358.76114064967254,-358.76114064967254,-358.76114064967254,-358.76114064967254
