episode,cum_reward,agent_0,agent_1,agent_2,agent_3,agent_4,agent_5
1000,2972.7357416956493,495.4559569492749,495.4559569492749,495.4559569492749,495.4559569492749,495.4559569492749,495.4559569492749
