episode,cum_reward,agent_0,agent_1,agent_2,agent_3,agent_4,agent_5
10,-24837.65276024628,-4139.60879337438,-4139.60879337438,-4139.60879337438,-4139.60879337438,-4139.60879337438,-4139.60879337438
