episode,cum_reward,agent_0,agent_1,agent_2,agent_3,agent_4,agent_5
10,-52719.87882725317,-8786.64647120886,-8786.64647120886,-8786.64647120886,-8786.64647120886,-8786.64647120886,-8786.64647120886
