episode,cum_reward,agent_0,agent_1,agent_2,agent_3,agent_4,agent_5
365,-24166.139105616592,-4027.689850936099,-4027.689850936099,-4027.689850936099,-4027.689850936099,-4027.689850936099,-4027.689850936099
730,-24389.765514072613,-4064.9609190121023,-4064.9609190121023,-4064.9609190121023,-4064.9609190121023,-4064.9609190121023,-4064.9609190121023
1095,-24756.6452435731,-4126.107540595517,-4126.107540595517,-4126.107540595517,-4126.107540595517,-4126.107540595517,-4126.107540595517
1460,-25521.773477905055,-4253.628912984176,-4253.628912984176,-4253.628912984176,-4253.628912984176,-4253.628912984176,-4253.628912984176
