episode,cum_reward,agent_0,agent_1,agent_2,agent_3,agent_4,agent_5
10,-28259.253790521445,-4709.875631753574,-4709.875631753574,-4709.875631753574,-4709.875631753574,-4709.875631753574,-4709.875631753574
20,-26275.213051963012,-4379.202175327168,-4379.202175327168,-4379.202175327168,-4379.202175327168,-4379.202175327168,-4379.202175327168
30,-26519.38990797848,-4419.898317996413,-4419.898317996413,-4419.898317996413,-4419.898317996413,-4419.898317996413,-4419.898317996413
