episode,cum_reward,agent_0,agent_1,agent_2,agent_3,agent_4,agent_5
1,-29190.798859766222,-4865.133143294371,-4865.133143294371,-4865.133143294371,-4865.133143294371,-4865.133143294371,-4865.133143294371
