episode,cum_reward,agent_0,agent_1,agent_2,agent_3,agent_4,agent_5
10,-46542.42982937494,-7757.071638229157,-7757.071638229157,-7757.071638229157,-7757.071638229157,-7757.071638229157,-7757.071638229157
20,-57291.545739290064,-9548.590956548343,-9548.590956548343,-9548.590956548343,-9548.590956548343,-9548.590956548343,-9548.590956548343
30,-26691.95425594054,-4448.659042656757,-4448.659042656757,-4448.659042656757,-4448.659042656757,-4448.659042656757,-4448.659042656757
40,-11768.932825680884,-1961.4888042801474,-1961.4888042801474,-1961.4888042801474,-1961.4888042801474,-1961.4888042801474,-1961.4888042801474
50,-35687.30420281042,-5947.884033801736,-5947.884033801736,-5947.884033801736,-5947.884033801736,-5947.884033801736,-5947.884033801736
