episode,cum_reward,agent_0,agent_1,agent_2,agent_3,agent_4,agent_5
365,-29448.580362383676,-4908.096727063947,-4908.096727063947,-4908.096727063947,-4908.096727063947,-4908.096727063947,-4908.096727063947
730,-29563.79119613245,-4927.298532688741,-4927.298532688741,-4927.298532688741,-4927.298532688741,-4927.298532688741,-4927.298532688741
1095,-29872.48296379328,-4978.747160632213,-4978.747160632213,-4978.747160632213,-4978.747160632213,-4978.747160632213,-4978.747160632213
1460,-30110.47786681927,-5018.412977803212,-5018.412977803212,-5018.412977803212,-5018.412977803212,-5018.412977803212,-5018.412977803212
