episode,cum_reward,agent_0,agent_1,agent_2,agent_3,agent_4,agent_5
10,-52974.923293834276,-8829.153882305713,-8829.153882305713,-8829.153882305713,-8829.153882305713,-8829.153882305713,-8829.153882305713
