episode,cum_reward,agent_0,agent_1,agent_2,agent_3,agent_4,agent_5
10,-24302.622266069757,-4050.4370443449598,-4050.4370443449598,-4050.4370443449598,-4050.4370443449598,-4050.4370443449598,-4050.4370443449598
20,-24313.044237452963,-4052.174039575494,-4052.174039575494,-4052.174039575494,-4052.174039575494,-4052.174039575494,-4052.174039575494
30,-23313.09148876531,-3885.515248127552,-3885.515248127552,-3885.515248127552,-3885.515248127552,-3885.515248127552,-3885.515248127552
