episode,cum_reward,agent_0,agent_1,agent_2,agent_3,agent_4,agent_5
10,-30416.75616062389,-5069.459360103981,-5069.459360103981,-5069.459360103981,-5069.459360103981,-5069.459360103981,-5069.459360103981
20,-40745.30032007334,-6790.883386678889,-6790.883386678889,-6790.883386678889,-6790.883386678889,-6790.883386678889,-6790.883386678889
30,-48837.33843242611,-8139.5564054043525,-8139.5564054043525,-8139.5564054043525,-8139.5564054043525,-8139.5564054043525,-8139.5564054043525
