episode,cum_reward,agent_0,agent_1,agent_2,agent_3,agent_4,agent_5
10,-47333.27746591246,-7888.8795776520765,-7888.8795776520765,-7888.8795776520765,-7888.8795776520765,-7888.8795776520765,-7888.8795776520765
20,-12542.936116085168,-2090.4893526808614,-2090.4893526808614,-2090.4893526808614,-2090.4893526808614,-2090.4893526808614,-2090.4893526808614
30,-24258.655938099713,-4043.109323016619,-4043.109323016619,-4043.109323016619,-4043.109323016619,-4043.109323016619,-4043.109323016619
40,-27338.457350972436,-4556.409558495407,-4556.409558495407,-4556.409558495407,-4556.409558495407,-4556.409558495407,-4556.409558495407
50,-25914.88321522088,-4319.147202536814,-4319.147202536814,-4319.147202536814,-4319.147202536814,-4319.147202536814,-4319.147202536814
60,-25747.71771609782,-4291.286286016303,-4291.286286016303,-4291.286286016303,-4291.286286016303,-4291.286286016303,-4291.286286016303
70,-47721.27987333947,-7953.5466455565775,-7953.5466455565775,-7953.5466455565775,-7953.5466455565775,-7953.5466455565775,-7953.5466455565775
