episode,cum_reward,agent_0,agent_1,agent_2,agent_3,agent_4,agent_5
10,-49393.066289446564,-8232.17771490776,-8232.17771490776,-8232.17771490776,-8232.17771490776,-8232.17771490776,-8232.17771490776
20,-10631.596021154666,-1771.9326701924447,-1771.9326701924447,-1771.9326701924447,-1771.9326701924447,-1771.9326701924447,-1771.9326701924447
30,-36154.43754324728,-6025.739590541214,-6025.739590541214,-6025.739590541214,-6025.739590541214,-6025.739590541214,-6025.739590541214
40,-17807.91985096069,-2967.986641826782,-2967.986641826782,-2967.986641826782,-2967.986641826782,-2967.986641826782,-2967.986641826782
50,-17449.907299561066,-2908.317883260178,-2908.317883260178,-2908.317883260178,-2908.317883260178,-2908.317883260178,-2908.317883260178
60,-18357.904288081943,-3059.650714680324,-3059.650714680324,-3059.650714680324,-3059.650714680324,-3059.650714680324,-3059.650714680324
