episode,cum_reward,agent_0,agent_1,agent_2,agent_3,agent_4,agent_5
10,-26090.967808454323,-4348.4946347423875,-4348.4946347423875,-4348.4946347423875,-4348.4946347423875,-4348.4946347423875,-4348.4946347423875
20,-26584.45594151188,-4430.742656918646,-4430.742656918646,-4430.742656918646,-4430.742656918646,-4430.742656918646,-4430.742656918646
30,-26092.583765376814,-4348.763960896135,-4348.763960896135,-4348.763960896135,-4348.763960896135,-4348.763960896135,-4348.763960896135
