episode,cum_reward,agent_0,agent_1,agent_2,agent_3,agent_4,agent_5
10,-59911.298369867254,-9985.216394977875,-9985.216394977875,-9985.216394977875,-9985.216394977875,-9985.216394977875,-9985.216394977875
