episode,cum_reward,agent_0,agent_1,agent_2,agent_3,agent_4,agent_5
10,-24762.10724625969,-4127.017874376615,-4127.017874376615,-4127.017874376615,-4127.017874376615,-4127.017874376615,-4127.017874376615
20,-33380.13365141434,-5563.355608569056,-5563.355608569056,-5563.355608569056,-5563.355608569056,-5563.355608569056,-5563.355608569056
30,-26556.8641486748,-4426.144024779133,-4426.144024779133,-4426.144024779133,-4426.144024779133,-4426.144024779133,-4426.144024779133
40,-33370.28202277741,-5561.713670462901,-5561.713670462901,-5561.713670462901,-5561.713670462901,-5561.713670462901,-5561.713670462901
50,-37543.00741602107,-6257.167902670179,-6257.167902670179,-6257.167902670179,-6257.167902670179,-6257.167902670179,-6257.167902670179
60,-39355.23754175215,-6559.206256958691,-6559.206256958691,-6559.206256958691,-6559.206256958691,-6559.206256958691,-6559.206256958691
70,-39365.523555263426,-6560.9205925439055,-6560.9205925439055,-6560.9205925439055,-6560.9205925439055,-6560.9205925439055,-6560.9205925439055
80,-43907.37804145475,-7317.89634024246,-7317.89634024246,-7317.89634024246,-7317.89634024246,-7317.89634024246,-7317.89634024246
