episode,cum_reward,agent_0,agent_1,agent_2,agent_3,agent_4,agent_5
10,-63094.96504097066,-10515.827506828444,-10515.827506828444,-10515.827506828444,-10515.827506828444,-10515.827506828444,-10515.827506828444
