episode,cum_reward,agent_0,agent_1,agent_2,agent_3,agent_4,agent_5
10,-97185.76093376531,-16197.62682229422,-16197.62682229422,-16197.62682229422,-16197.62682229422,-16197.62682229422,-16197.62682229422
20,-83593.08453165182,-13932.180755275303,-13932.180755275303,-13932.180755275303,-13932.180755275303,-13932.180755275303,-13932.180755275303
30,-79047.52801513205,-13174.588002522009,-13174.588002522009,-13174.588002522009,-13174.588002522009,-13174.588002522009,-13174.588002522009
40,-91521.93658911438,-15253.656098185731,-15253.656098185731,-15253.656098185731,-15253.656098185731,-15253.656098185731,-15253.656098185731
50,-96681.51810655498,-16113.586351092497,-16113.586351092497,-16113.586351092497,-16113.586351092497,-16113.586351092497,-16113.586351092497
60,-98816.62935189357,-16469.438225315596,-16469.438225315596,-16469.438225315596,-16469.438225315596,-16469.438225315596,-16469.438225315596
70,-98426.75996873989,-16404.45999478998,-16404.45999478998,-16404.45999478998,-16404.45999478998,-16404.45999478998,-16404.45999478998
80,-101428.5531546203,-16904.758859103382,-16904.758859103382,-16904.758859103382,-16904.758859103382,-16904.758859103382,-16904.758859103382
90,-101106.77876494276,-16851.12979415713,-16851.12979415713,-16851.12979415713,-16851.12979415713,-16851.12979415713,-16851.12979415713
