episode,cum_reward,agent_0,agent_1,agent_2,agent_3,agent_4,agent_5
10,-17161.60289612307,-2860.267149353845,-2860.267149353845,-2860.267149353845,-2860.267149353845,-2860.267149353845,-2860.267149353845
