episode,cum_reward,agent_0,agent_1,agent_2,agent_3,agent_4,agent_5
10,-64207.485816753935,-10701.247636125656,-10701.247636125656,-10701.247636125656,-10701.247636125656,-10701.247636125656,-10701.247636125656
