episode,cum_reward,agent_0,agent_1,agent_2,agent_3,agent_4,agent_5
10,-44675.32569000898,-7445.887615001495,-7445.887615001495,-7445.887615001495,-7445.887615001495,-7445.887615001495,-7445.887615001495
