episode,cum_reward,agent_0,agent_1,agent_2,agent_3,agent_4,agent_5
10,-38374.38803409179,-6395.7313390152985,-6395.7313390152985,-6395.7313390152985,-6395.7313390152985,-6395.7313390152985,-6395.7313390152985
