episode,cum_reward,agent_0,agent_1,agent_2,agent_3,agent_4,agent_5
10,-28855.28007671519,-4809.213346119198,-4809.213346119198,-4809.213346119198,-4809.213346119198,-4809.213346119198,-4809.213346119198
