episode,cum_reward,agent_0,agent_1,agent_2,agent_3,agent_4,agent_5
10,-37992.248514437066,-6332.041419072844,-6332.041419072844,-6332.041419072844,-6332.041419072844,-6332.041419072844,-6332.041419072844
20,-39137.36157936115,-6522.893596560192,-6522.893596560192,-6522.893596560192,-6522.893596560192,-6522.893596560192,-6522.893596560192
30,-22784.506641100303,-3797.4177735167173,-3797.4177735167173,-3797.4177735167173,-3797.4177735167173,-3797.4177735167173,-3797.4177735167173
