episode,cum_reward,agent_0,agent_1,agent_2,agent_3,agent_4,agent_5
10,-18119.914419073255,-3019.9857365122093,-3019.9857365122093,-3019.9857365122093,-3019.9857365122093,-3019.9857365122093,-3019.9857365122093
