episode,cum_reward,agent_0,agent_1,agent_2,agent_3,agent_4,agent_5
10,-31586.06187545217,-5264.343645908695,-5264.343645908695,-5264.343645908695,-5264.343645908695,-5264.343645908695,-5264.343645908695
