episode,cum_reward,agent_0,agent_1,agent_2
1000,-201.8512643374377,-67.24042144581257,-67.28542144581257,-67.32542144581257
2000,-164.2100115632872,-54.72333718776239,-54.75833718776239,-54.72833718776239
3000,-148.37535014962225,-49.44011671654075,-49.36011671654075,-49.57511671654075
4000,-167.2732141617318,-55.759404720577265,-55.75440472057727,-55.759404720577265
