episode,cum_reward,agent_0,agent_1,agent_2,agent_3,agent_4,agent_5
10,-19334.945795604024,-3222.490965934004,-3222.490965934004,-3222.490965934004,-3222.490965934004,-3222.490965934004,-3222.490965934004
