episode,cum_reward,agent_0,agent_1,agent_2,agent_3,agent_4,agent_5
10,-7245.472458074253,-1207.5787430123755,-1207.5787430123755,-1207.5787430123755,-1207.5787430123755,-1207.5787430123755,-1207.5787430123755
