episode,cum_reward,agent_0,agent_1,agent_2,agent_3,agent_4,agent_5
10,-43831.09610549876,-7305.182684249793,-7305.182684249793,-7305.182684249793,-7305.182684249793,-7305.182684249793,-7305.182684249793
