episode,cum_reward,agent_0,agent_1,agent_2,agent_3,agent_4,agent_5
10,-98386.48999591648,-16397.748332652747,-16397.748332652747,-16397.748332652747,-16397.748332652747,-16397.748332652747,-16397.748332652747
20,-77206.5878917165,-12867.764648619417,-12867.764648619417,-12867.764648619417,-12867.764648619417,-12867.764648619417,-12867.764648619417
