episode,cum_reward,agent_0,agent_1,agent_2,agent_3,agent_4,agent_5
10,-19114.47060307617,-3185.745100512695,-3185.745100512695,-3185.745100512695,-3185.745100512695,-3185.745100512695,-3185.745100512695
