episode,cum_reward,agent_0,agent_1,agent_2,agent_3,agent_4,agent_5
10,-6303.389786447456,-1050.5649644079092,-1050.5649644079092,-1050.5649644079092,-1050.5649644079092,-1050.5649644079092,-1050.5649644079092
