episode,cum_reward,agent_0,agent_1,agent_2,agent_3,agent_4,agent_5
10,-45464.59823262944,-7577.433038771574,-7577.433038771574,-7577.433038771574,-7577.433038771574,-7577.433038771574,-7577.433038771574
20,-42312.750911843235,-7052.125151973873,-7052.125151973873,-7052.125151973873,-7052.125151973873,-7052.125151973873,-7052.125151973873
