episode,cum_reward,agent_0,agent_1,agent_2,agent_3,agent_4,agent_5
10,-22751.941187795925,-3791.9901979659876,-3791.9901979659876,-3791.9901979659876,-3791.9901979659876,-3791.9901979659876,-3791.9901979659876
