episode,cum_reward,agent_0,agent_1,agent_2,agent_3,agent_4,agent_5
10,-49577.4303795602,-8262.905063260034,-8262.905063260034,-8262.905063260034,-8262.905063260034,-8262.905063260034,-8262.905063260034
20,-6818.401267516578,-1136.4002112527628,-1136.4002112527628,-1136.4002112527628,-1136.4002112527628,-1136.4002112527628,-1136.4002112527628
30,-12527.081958688577,-2087.846993114763,-2087.846993114763,-2087.846993114763,-2087.846993114763,-2087.846993114763,-2087.846993114763
