episode,cum_reward,agent_0,agent_1,agent_2,agent_3,agent_4,agent_5
10,-68568.06728574312,-11428.01121429052,-11428.01121429052,-11428.01121429052,-11428.01121429052,-11428.01121429052,-11428.01121429052
