episode,cum_reward,agent_0,agent_1,agent_2
1000,-140.38359942825775,-46.784533142752586,-46.79453314275259,-46.80453314275259
