episode,cum_reward,agent_0,agent_1,agent_2
1000,-153.15467575143225,-51.03522525047742,-51.05222525047741,-51.067225250477414
